<?xml version="1.0" encoding="UTF-8"?>
<!DOCTYPE struts PUBLIC
"-//Apache Software Foundation//DTD Struts Configuration 2.3//EN"
"http://struts.apache.org/dtds/struts-2.3.dtd">
<struts>
<constant name="struts.devMode" value="true"/>
<package name="action" extends="struts-default">

<!-- 未使用 -->
<action name="WelcomeAction">
<result name="success">login.jsp</result>
</action>

<!-- UserCreateAction 新規会員登録入力ページに行く -->
<action name="UserCreateAction" class="action.UserCreateAction" method="execute">
<result name="success">userCreate.jsp</result>
</action>

<!-- UserCreateConfirmAction 新規会員登録入力ページ  -->
<action name="UserCreateConfirmAction" class="action.UserCreateConfirmAction" method="execute">
<result name="success">userCreateConfirm.jsp</result>
<result name="error">userCreate.jsp</result>
</action>

<!-- UserCreateCompleteAction 新規会員登録 入力した値をDBに記入する -->
<action name="UserCreateCompleteAction" class="action.UserCreateCompleteAction" method="execute">
<result name="success">userCreateComplete.jsp</result>
</action>


<!-- 新規会員登録ページに戻る -->
<action name="goUserCreateAction" class="action.GoUserCreateAction" method="execute">
<result name="success">userCreate.jsp</result>
</action>

<!-- ログインページに戻る -->
<action name="gotopPageAction" class="action.GoTopPageAction" method="execute">
<result name="success">index.jsp</result>
</action>

</package>
</struts>